<?xml version="1.0" encoding="UTF-8"?>
<project-private xmlns="http://www.netbeans.org/ns/project-private/1">
    <editor-bookmarks xmlns="http://www.netbeans.org/ns/editor-bookmarks/2" lastBookmarkId="0"/>
    <open-files xmlns="http://www.netbeans.org/ns/projectui-open-files/2">
        <group>
            <file>file:/C:/Users/Joshw/Desktop/CPS/Project%2018-3/src/countries/io/Validator.java</file>
            <file>file:/C:/Users/Joshw/Desktop/CPS/Project%2018-3/src/countries/io/CountriesTextFile.java</file>
            <file>file:/C:/Users/Joshw/Desktop/CPS/Project%2018-3/src/countries/app/CountriesMaintApp.java</file>
        </group>
    </open-files>
</project-private>
