<?xml version="1.0" encoding="UTF-8"?>
<project-private xmlns="http://www.netbeans.org/ns/project-private/1">
    <editor-bookmarks xmlns="http://www.netbeans.org/ns/editor-bookmarks/2" lastBookmarkId="0"/>
    <open-files xmlns="http://www.netbeans.org/ns/projectui-open-files/2">
        <group>
            <file>file:/C:/Users/Joshw/Desktop/CPS/Project%208-2/src/Person.java</file>
            <file>file:/C:/Users/Joshw/Desktop/CPS/Project%208-2/src/Customer.java</file>
            <file>file:/C:/Users/Joshw/Desktop/CPS/Project%208-2/src/Employee.java</file>
            <file>file:/C:/Users/Joshw/Desktop/CPS/Project%208-2/src/PersonTestApp.java</file>
            <file>file:/C:/Users/Joshw/Desktop/CPS/Project%208-2/src/Validator.java</file>
        </group>
    </open-files>
</project-private>
